,predictions
0,Siren
1,Siren
2,Siren
3,Siren
4,Siren
5,Siren
6,Knock
7,Siren
8,Siren
9,Siren
10,Knock
11,Siren
12,Siren
13,Siren
14,Knock
15,Siren
16,Siren
17,Siren
18,Doorbell
19,Knock
20,Walk_and_footsteps
21,Knock
22,Knock
23,Knock
24,Vehicle_horn_and_car_horn_and_honking
25,Vehicle_horn_and_car_horn_and_honking
26,Walk_and_footsteps
27,Knock
28,Doorbell
29,Knock
30,Walk_and_footsteps
31,Walk_and_footsteps
32,Siren
33,Walk_and_footsteps
34,Walk_and_footsteps
35,Knock
36,Walk_and_footsteps
37,Knock
38,Walk_and_footsteps
39,Knock
40,Knock
41,Walk_and_footsteps
42,Knock
43,Walk_and_footsteps
44,Knock
45,Walk_and_footsteps
46,Walk_and_footsteps
47,Meow
48,Knock
49,Knock
50,Walk_and_footsteps
51,Walk_and_footsteps
52,Knock
53,Walk_and_footsteps
54,Knock
55,Meow
56,Walk_and_footsteps
57,Knock
58,Walk_and_footsteps
59,Walk_and_footsteps
60,Knock
61,Knock
62,Knock
63,Walk_and_footsteps
64,Meow
65,Knock
66,Knock
67,Knock
68,Walk_and_footsteps
69,Walk_and_footsteps
70,Knock
71,Knock
72,Knock
73,Siren
74,Walk_and_footsteps
75,Knock
76,Walk_and_footsteps
77,Knock
78,Walk_and_footsteps
79,Walk_and_footsteps
80,Walk_and_footsteps
81,Knock
82,Knock
83,Siren
84,Knock
85,Knock
86,Knock
87,Knock
88,Knock
89,Shatter
90,Shatter
91,Knock
92,Siren
93,Siren
94,Knock
95,Siren
96,Knock
97,Knock
98,Siren
99,Bark
100,Bark
101,Knock
102,Bark
103,Siren
104,Bark
105,Knock
106,Bark
107,Knock
108,Siren
109,Knock
110,Knock
111,Bark
112,Microwave_oven
113,Walk_and_footsteps
114,Knock
115,Knock
116,Knock
117,Knock
118,Microwave_oven
119,Bark
120,Microwave_oven
121,Knock
122,Bark
123,Knock
124,Knock
125,Knock
126,Knock
127,Knock
128,Knock
129,Knock
130,Knock
131,Knock
132,Knock
133,Knock
134,Knock
135,Knock
136,Knock
137,Knock
138,Knock
139,Knock
140,Microwave_oven
141,Microwave_oven
142,Knock
143,Knock
144,Knock
145,Knock
146,Microwave_oven
147,Knock
148,Meow
149,Knock
150,Knock
151,Knock
152,Knock
153,Knock
154,Knock
155,Knock
156,Microwave_oven
157,Knock
158,Knock
159,Crying_and_sobbing
160,Microwave_oven
161,Meow
162,Microwave_oven
163,Microwave_oven
164,Microwave_oven
165,Siren
166,Meow
167,Microwave_oven
168,Microwave_oven
169,Siren
170,Microwave_oven
171,Meow
172,Microwave_oven
173,Microwave_oven
174,Knock
175,Knock
176,Siren
177,Microwave_oven
178,Microwave_oven
179,Knock
180,Siren
181,Knock
182,Knock
183,Knock
184,Shatter
185,Knock
186,Knock
187,Knock
188,Knock
189,Knock
190,Knock
191,Shatter
192,Knock
193,Knock
194,Shatter
195,Knock
196,Shatter
197,Knock
198,Knock
199,Knock
200,Knock
