,fname,label,split
0,02639.npy,Bark,train
1,1580.npy,Bark,train
2,24030.npy,Bark,train
3,316499.npy,Bark,train
4,413718.npy,Bark,train
5,517360.npy,Bark,train
6,619651.npy,Bark,train
7,72371.npy,Bark,train
8,89438.npy,Bark,train
9,912878.npy,Bark,train
10,106258.npy,Bark,train
11,1154.npy,Bark,train
12,1212571.npy,Bark,train
13,1314420.npy,Bark,train
14,1413291.npy,Bark,train
15,152922.npy,Bark,train
16,167989.npy,Bark,train
17,179024.npy,Bark,train
18,182654.npy,Bark,train
19,1919100.npy,Bark,train
20,206911.npy,Bark,train
21,213587.npy,Bark,train
22,225278.npy,Bark,train
23,233214.npy,Bark,train
24,2412414.npy,Bark,train
25,259846.npy,Bark,train
26,268897.npy,Bark,train
27,276036.npy,Bark,train
28,285503.npy,Bark,train
29,293731.npy,Bark,train
30,302526.npy,Bark,train
31,318339.npy,Bark,train
32,3213639.npy,Bark,train
33,3314128.npy,Bark,train
34,342293.npy,Bark,train
35,3519074.npy,Bark,train
36,361810.npy,Bark,train
37,379040.npy,Bark,train
38,3819730.npy,Bark,train
39,396962.npy,Bark,train
40,4015459.npy,Bark,train
41,4113306.npy,Bark,train
42,4213640.npy,Bark,train
43,43616.npy,Bark,train
44,4417081.npy,Bark,train
45,451236.npy,Bark,train
46,4612020.npy,Bark,train
47,47371.npy,Bark,train
48,487621.npy,Bark,train
49,4919899.npy,Bark,train
50,509509.npy,Bark,train
51,517655.npy,Bark,train
52,5219072.npy,Bark,train
53,5316213.npy,Bark,train
54,5412617.npy,Bark,train
55,552456.npy,Bark,train
56,568714.npy,Bark,train
57,579323.npy,Bark,train
58,5813005.npy,Bark,train
59,5913396.npy,Bark,train
60,6011263.npy,Bark,train
61,616861.npy,Bark,train
62,623861.npy,Bark,train
63,636346.npy,Bark,train
64,649053.npy,Bark,train
65,6515149.npy,Bark,train
66,66586.npy,Bark,train
67,674525.npy,Bark,train
68,685020.npy,Bark,train
69,6911037.npy,Bark,train
70,702613.npy,Bark,train
71,7117009.npy,Bark,train
72,721463.npy,Bark,train
73,7317342.npy,Bark,train
74,7411360.npy,Bark,train
75,7511104.npy,Bark,train
76,764703.npy,Bark,train
77,777657.npy,Bark,train
78,782529.npy,Bark,train
79,7911755.npy,Bark,train
80,8017190.npy,Bark,train
81,8110827.npy,Bark,train
82,8216902.npy,Bark,train
83,83124.npy,Bark,train
84,844596.npy,Bark,train
85,85577.npy,Bark,train
86,867712.npy,Bark,train
87,874563.npy,Bark,train
88,884570.npy,Bark,train
89,892877.npy,Bark,train
90,9011121.npy,Bark,train
91,917152.npy,Bark,train
92,924406.npy,Bark,train
93,9318904.npy,Bark,train
94,947482.npy,Bark,train
95,9519347.npy,Bark,train
96,96720.npy,Bark,train
97,972262.npy,Bark,train
98,9814444.npy,Bark,train
99,995123.npy,Bark,train
100,1008398.npy,Meow,train
101,10116193.npy,Meow,train
102,10218902.npy,Meow,train
103,1038227.npy,Meow,train
104,10410721.npy,Meow,train
105,10511823.npy,Meow,train
106,1068394.npy,Meow,train
107,10714745.npy,Meow,train
108,10812841.npy,Meow,train
109,10919368.npy,Meow,train
110,11016691.npy,Meow,train
111,11185.npy,Meow,train
112,11210544.npy,Meow,train
113,11314164.npy,Meow,train
114,11418691.npy,Meow,train
115,11510070.npy,Meow,train
116,11610.npy,Meow,train
117,11714906.npy,Meow,train
118,1182989.npy,Meow,train
119,1194319.npy,Meow,train
120,1207817.npy,Meow,train
121,12114269.npy,Meow,train
122,12215215.npy,Meow,train
123,12313978.npy,Meow,train
124,1249868.npy,Meow,train
125,1257215.npy,Meow,train
126,126491.npy,Meow,train
127,12714979.npy,Meow,train
128,1284643.npy,Meow,train
129,12919148.npy,Meow,train
130,1301638.npy,Meow,train
131,13110225.npy,Meow,train
132,13212551.npy,Meow,train
133,1337739.npy,Meow,train
134,13412397.npy,Meow,train
135,13518936.npy,Meow,train
136,1369347.npy,Meow,train
137,13718915.npy,Meow,train
138,1381903.npy,Meow,train
139,1397560.npy,Meow,train
140,14017734.npy,Meow,train
141,14116700.npy,Meow,train
142,14213725.npy,Meow,train
143,1436633.npy,Meow,train
144,144346.npy,Meow,train
145,14515211.npy,Meow,train
146,1466355.npy,Meow,train
147,14713395.npy,Meow,train
148,1487512.npy,Meow,train
149,1494826.npy,Meow,train
150,1507407.npy,Meow,train
151,15113580.npy,Meow,train
152,1524105.npy,Meow,train
153,15314178.npy,Meow,train
154,15414943.npy,Meow,train
155,15518834.npy,Meow,train
156,1561844.npy,Meow,train
157,1573632.npy,Meow,train
158,158199.npy,Meow,train
159,1593092.npy,Meow,train
160,1605566.npy,Meow,train
161,1615831.npy,Meow,train
162,16211003.npy,Meow,train
163,16319774.npy,Meow,train
164,1647461.npy,Meow,train
165,16510500.npy,Meow,train
166,16619358.npy,Meow,train
167,167930.npy,Meow,train
168,16811354.npy,Meow,train
169,1696624.npy,Meow,train
170,1705304.npy,Meow,train
171,1711190.npy,Meow,train
172,17210168.npy,Meow,train
173,17316161.npy,Meow,train
174,17416711.npy,Meow,train
175,1752569.npy,Meow,train
176,17614752.npy,Meow,train
177,1777832.npy,Meow,train
178,178102.npy,Meow,train
179,1792967.npy,Meow,train
180,18015177.npy,Meow,train
181,1811147.npy,Meow,train
182,1828887.npy,Meow,train
183,18310609.npy,Meow,train
184,1842869.npy,Meow,train
185,18518953.npy,Meow,train
186,1866272.npy,Meow,train
187,18719587.npy,Meow,train
188,1884366.npy,Meow,train
189,1897428.npy,Meow,train
190,19016948.npy,Meow,train
191,19115080.npy,Meow,train
192,1923061.npy,Meow,train
193,19312759.npy,Meow,train
194,1944463.npy,Meow,train
195,1953195.npy,Meow,train
196,1966850.npy,Meow,train
197,19712124.npy,Meow,train
198,1985277.npy,Meow,train
199,1991115.npy,Meow,train
200,20015316.npy,Siren,train
201,20113079.npy,Siren,train
202,2023443.npy,Siren,train
203,2032336.npy,Siren,train
204,2043226.npy,Siren,train
205,2058837.npy,Siren,train
206,20617953.npy,Siren,train
207,20717378.npy,Siren,train
208,20811729.npy,Siren,train
209,20910481.npy,Siren,train
210,2107551.npy,Siren,train
211,21119375.npy,Siren,train
212,2123596.npy,Siren,train
213,21317018.npy,Siren,train
214,21415548.npy,Siren,train
215,21512675.npy,Siren,train
216,21614895.npy,Siren,train
217,21718102.npy,Siren,train
218,21810381.npy,Siren,train
219,2192162.npy,Siren,train
220,220748.npy,Siren,train
221,22114730.npy,Siren,train
222,2225909.npy,Siren,train
223,22311956.npy,Siren,train
224,224445.npy,Siren,train
225,2254710.npy,Siren,train
226,2266941.npy,Siren,train
227,22714112.npy,Siren,train
228,22817885.npy,Siren,train
229,2299538.npy,Siren,train
230,23019203.npy,Siren,train
231,23119763.npy,Siren,train
232,23218978.npy,Siren,train
233,23314983.npy,Siren,train
234,2349608.npy,Siren,train
235,23516808.npy,Siren,train
236,23615642.npy,Siren,train
237,23713920.npy,Siren,train
238,2381177.npy,Siren,train
239,239172.npy,Siren,train
240,2402360.npy,Siren,train
241,24119478.npy,Siren,train
242,2425444.npy,Siren,train
243,243148.npy,Siren,train
244,2449756.npy,Siren,train
245,2459244.npy,Siren,train
246,24610113.npy,Siren,train
247,2478024.npy,Siren,train
248,2484567.npy,Siren,train
249,24916992.npy,Siren,train
250,25014254.npy,Siren,train
251,25118467.npy,Siren,train
252,25214162.npy,Siren,train
253,253566.npy,Siren,train
254,2542036.npy,Siren,train
255,2553804.npy,Siren,train
256,25611830.npy,Siren,train
257,25715012.npy,Siren,train
258,25812307.npy,Siren,train
259,25915764.npy,Siren,train
260,26012726.npy,Siren,train
261,26117751.npy,Siren,train
262,2623227.npy,Siren,train
263,2631439.npy,Siren,train
264,2648392.npy,Siren,train
265,2656647.npy,Siren,train
266,2664685.npy,Siren,train
267,2675427.npy,Siren,train
268,2681711.npy,Siren,train
269,2694732.npy,Siren,train
270,2705428.npy,Siren,train
271,27112914.npy,Siren,train
272,27212386.npy,Siren,train
273,2734624.npy,Siren,train
274,2749046.npy,Siren,train
275,27511928.npy,Siren,train
276,27612203.npy,Siren,train
277,27715790.npy,Siren,train
278,27814442.npy,Siren,train
279,2799798.npy,Siren,train
280,28016303.npy,Siren,train
281,2812762.npy,Siren,train
282,2827899.npy,Siren,train
283,28315491.npy,Siren,train
284,28410236.npy,Siren,train
285,28512643.npy,Siren,train
286,2866980.npy,Siren,train
287,2877449.npy,Siren,train
288,288219.npy,Siren,train
289,289593.npy,Siren,train
290,29011878.npy,Siren,train
291,29117146.npy,Siren,train
292,2923354.npy,Siren,train
293,2939212.npy,Siren,train
294,2948958.npy,Siren,train
295,295204.npy,Siren,train
296,29618694.npy,Siren,train
297,29714041.npy,Siren,train
298,2982725.npy,Siren,train
299,2994517.npy,Siren,train
300,30017496.npy,Shatter,train
301,30112167.npy,Shatter,train
302,3026065.npy,Shatter,train
303,3037343.npy,Shatter,train
304,3049649.npy,Shatter,train
305,3056480.npy,Shatter,train
306,3061272.npy,Shatter,train
307,3077247.npy,Shatter,train
308,30818038.npy,Shatter,train
309,3094950.npy,Shatter,train
310,31018532.npy,Shatter,train
311,3119180.npy,Shatter,train
312,3122692.npy,Shatter,train
313,3132012.npy,Shatter,train
314,3146393.npy,Shatter,train
315,3151114.npy,Shatter,train
316,31619435.npy,Shatter,train
317,317303.npy,Shatter,train
318,31811568.npy,Shatter,train
319,31918757.npy,Shatter,train
320,32013286.npy,Shatter,train
321,3219790.npy,Shatter,train
322,3228541.npy,Shatter,train
323,323183.npy,Shatter,train
324,3245347.npy,Shatter,train
325,32517971.npy,Shatter,train
326,3261495.npy,Shatter,train
327,327236.npy,Shatter,train
328,32812736.npy,Shatter,train
329,32915079.npy,Shatter,train
330,33013231.npy,Shatter,train
331,33116854.npy,Shatter,train
332,332668.npy,Shatter,train
333,3338012.npy,Shatter,train
334,3347467.npy,Shatter,train
335,33513436.npy,Shatter,train
336,33613793.npy,Shatter,train
337,3374378.npy,Shatter,train
338,33811863.npy,Shatter,train
339,33914659.npy,Shatter,train
340,34017750.npy,Shatter,train
341,34111158.npy,Shatter,train
342,3422491.npy,Shatter,train
343,34312469.npy,Shatter,train
344,34411050.npy,Shatter,train
345,34519633.npy,Shatter,train
346,34619830.npy,Shatter,train
347,3474861.npy,Shatter,train
348,34816870.npy,Shatter,train
349,34916505.npy,Shatter,train
350,350750.npy,Shatter,train
351,35116377.npy,Shatter,train
352,3527558.npy,Shatter,train
353,3534182.npy,Shatter,train
354,35412833.npy,Shatter,train
355,35516153.npy,Shatter,train
356,3564332.npy,Shatter,train
357,35716922.npy,Shatter,train
358,35819982.npy,Shatter,train
359,35919721.npy,Shatter,train
360,36013633.npy,Shatter,train
361,361649.npy,Shatter,train
362,3629207.npy,Shatter,train
363,3636078.npy,Shatter,train
364,36412915.npy,Shatter,train
365,3659563.npy,Shatter,train
366,36619972.npy,Shatter,train
367,3676071.npy,Shatter,train
368,36815410.npy,Shatter,train
369,36915262.npy,Shatter,train
370,37016342.npy,Shatter,train
371,3714709.npy,Shatter,train
372,37218102.npy,Shatter,train
373,3731477.npy,Shatter,train
374,37410836.npy,Shatter,train
375,37512722.npy,Shatter,train
376,3762498.npy,Shatter,train
377,3774036.npy,Shatter,train
378,37815559.npy,Shatter,train
379,37916892.npy,Shatter,train
380,3802101.npy,Shatter,train
381,38114084.npy,Shatter,train
382,3821711.npy,Shatter,train
383,38311002.npy,Shatter,train
384,38416841.npy,Shatter,train
385,38517996.npy,Shatter,train
386,38610031.npy,Shatter,train
387,38711364.npy,Shatter,train
388,3885954.npy,Shatter,train
389,3899484.npy,Shatter,train
390,39019485.npy,Shatter,train
391,39113213.npy,Shatter,train
392,39213238.npy,Shatter,train
393,3933600.npy,Shatter,train
394,3946690.npy,Shatter,train
395,39510681.npy,Shatter,train
396,39618519.npy,Shatter,train
397,3971713.npy,Shatter,train
398,39819178.npy,Shatter,train
399,39910692.npy,Shatter,train
400,40010316.npy,Knock,train
401,40117080.npy,Knock,train
402,40214615.npy,Knock,train
403,4032582.npy,Knock,train
404,4043823.npy,Knock,train
405,4058997.npy,Knock,train
406,4068210.npy,Knock,train
407,40718438.npy,Knock,train
408,40817374.npy,Knock,train
409,4095500.npy,Knock,train
410,410131.npy,Knock,train
411,41114573.npy,Knock,train
412,4126691.npy,Knock,train
413,41314929.npy,Knock,train
414,41414887.npy,Knock,train
415,415892.npy,Knock,train
416,4162718.npy,Knock,train
417,4179626.npy,Knock,train
418,41815528.npy,Knock,train
419,4196706.npy,Knock,train
420,4207631.npy,Knock,train
421,4215503.npy,Knock,train
422,42214782.npy,Knock,train
423,42318795.npy,Knock,train
424,4245195.npy,Knock,train
425,4251160.npy,Knock,train
426,4264191.npy,Knock,train
427,4276495.npy,Knock,train
428,42815685.npy,Knock,train
429,42918688.npy,Knock,train
430,4301692.npy,Knock,train
431,4313440.npy,Knock,train
432,4325044.npy,Knock,train
433,43310716.npy,Knock,train
434,4342690.npy,Knock,train
435,43513841.npy,Knock,train
436,43610815.npy,Knock,train
437,437946.npy,Knock,train
438,4387274.npy,Knock,train
439,4398829.npy,Knock,train
440,44011747.npy,Knock,train
441,44117664.npy,Knock,train
442,44214041.npy,Knock,train
443,4435391.npy,Knock,train
444,4445257.npy,Knock,train
445,4458465.npy,Knock,train
446,4461101.npy,Knock,train
447,44718100.npy,Knock,train
448,44819467.npy,Knock,train
449,4499141.npy,Knock,train
450,4503723.npy,Knock,train
451,45113276.npy,Knock,train
452,45213628.npy,Knock,train
453,4539986.npy,Knock,train
454,45411516.npy,Knock,train
455,455188.npy,Knock,train
456,4568670.npy,Knock,train
457,45719379.npy,Knock,train
458,4581823.npy,Knock,train
459,45916832.npy,Knock,train
460,46010374.npy,Knock,train
461,46118481.npy,Knock,train
462,4625131.npy,Knock,train
463,46317573.npy,Knock,train
464,46412930.npy,Knock,train
465,46518375.npy,Knock,train
466,46614439.npy,Knock,train
467,46712744.npy,Knock,train
468,46815746.npy,Knock,train
469,4693784.npy,Knock,train
470,47010849.npy,Knock,train
471,4712658.npy,Knock,train
472,4725597.npy,Knock,train
473,47317653.npy,Knock,train
474,47415371.npy,Knock,train
475,47515508.npy,Knock,train
476,47610077.npy,Knock,train
477,47716555.npy,Knock,train
478,4783070.npy,Knock,train
479,4791973.npy,Knock,train
480,48015111.npy,Knock,train
481,4811821.npy,Knock,train
482,4826139.npy,Knock,train
483,4835975.npy,Knock,train
484,4841532.npy,Knock,train
485,48512387.npy,Knock,train
486,4869096.npy,Knock,train
487,4875120.npy,Knock,train
488,4883160.npy,Knock,train
489,48918264.npy,Knock,train
490,49019860.npy,Knock,train
491,49114873.npy,Knock,train
492,4925657.npy,Knock,train
493,4932848.npy,Knock,train
494,494928.npy,Knock,train
495,49514356.npy,Knock,train
496,4963753.npy,Knock,train
497,49716762.npy,Knock,train
498,4981166.npy,Knock,train
499,49918751.npy,Knock,train
500,50019621.npy,Crying_and_sobbing,train
501,5016060.npy,Crying_and_sobbing,train
502,5023953.npy,Crying_and_sobbing,train
503,5034282.npy,Crying_and_sobbing,train
504,50417877.npy,Crying_and_sobbing,train
505,50518684.npy,Crying_and_sobbing,train
506,5064166.npy,Crying_and_sobbing,train
507,5077428.npy,Crying_and_sobbing,train
508,5085383.npy,Crying_and_sobbing,train
509,50912912.npy,Crying_and_sobbing,train
510,5106460.npy,Crying_and_sobbing,train
511,5114037.npy,Crying_and_sobbing,train
512,5122680.npy,Crying_and_sobbing,train
513,51315240.npy,Crying_and_sobbing,train
514,5142453.npy,Crying_and_sobbing,train
515,51512841.npy,Crying_and_sobbing,train
516,51617745.npy,Crying_and_sobbing,train
517,51719916.npy,Crying_and_sobbing,train
518,5186085.npy,Crying_and_sobbing,train
519,5193489.npy,Crying_and_sobbing,train
520,52014742.npy,Crying_and_sobbing,train
521,5212625.npy,Crying_and_sobbing,train
522,5222707.npy,Crying_and_sobbing,train
523,5237909.npy,Crying_and_sobbing,train
524,52419576.npy,Crying_and_sobbing,train
525,52516760.npy,Crying_and_sobbing,train
526,52618176.npy,Crying_and_sobbing,train
527,5273607.npy,Crying_and_sobbing,train
528,52813112.npy,Crying_and_sobbing,train
529,52911315.npy,Crying_and_sobbing,train
530,53018576.npy,Crying_and_sobbing,train
531,5312449.npy,Crying_and_sobbing,train
532,53217334.npy,Crying_and_sobbing,train
533,5331002.npy,Crying_and_sobbing,train
534,5343026.npy,Crying_and_sobbing,train
535,53519718.npy,Crying_and_sobbing,train
536,5369502.npy,Crying_and_sobbing,train
537,53711342.npy,Crying_and_sobbing,train
538,5389219.npy,Crying_and_sobbing,train
539,5395636.npy,Crying_and_sobbing,train
540,5401709.npy,Crying_and_sobbing,train
541,54113265.npy,Crying_and_sobbing,train
542,5425404.npy,Crying_and_sobbing,train
543,54314899.npy,Crying_and_sobbing,train
544,5442753.npy,Crying_and_sobbing,train
545,54515938.npy,Crying_and_sobbing,train
546,54615592.npy,Crying_and_sobbing,train
547,54718755.npy,Crying_and_sobbing,train
548,5489687.npy,Crying_and_sobbing,train
549,5497236.npy,Crying_and_sobbing,train
550,55010235.npy,Crying_and_sobbing,train
551,55116554.npy,Crying_and_sobbing,train
552,55218514.npy,Crying_and_sobbing,train
553,55316386.npy,Crying_and_sobbing,train
554,5542260.npy,Crying_and_sobbing,train
555,5559795.npy,Crying_and_sobbing,train
556,5566613.npy,Crying_and_sobbing,train
557,5576454.npy,Crying_and_sobbing,train
558,5585343.npy,Crying_and_sobbing,train
559,5597688.npy,Crying_and_sobbing,train
560,56013844.npy,Crying_and_sobbing,train
561,56113602.npy,Crying_and_sobbing,train
562,5624651.npy,Crying_and_sobbing,train
563,56315108.npy,Crying_and_sobbing,train
564,5649001.npy,Crying_and_sobbing,train
565,5655305.npy,Crying_and_sobbing,train
566,56616194.npy,Crying_and_sobbing,train
567,5677171.npy,Crying_and_sobbing,train
568,5684436.npy,Crying_and_sobbing,train
569,5698559.npy,Crying_and_sobbing,train
570,57019845.npy,Crying_and_sobbing,train
571,57112910.npy,Crying_and_sobbing,train
572,5722974.npy,Crying_and_sobbing,train
573,57316498.npy,Crying_and_sobbing,train
574,57413242.npy,Crying_and_sobbing,train
575,57512479.npy,Crying_and_sobbing,train
576,57615010.npy,Crying_and_sobbing,train
577,5775187.npy,Crying_and_sobbing,train
578,5786445.npy,Crying_and_sobbing,train
579,57918390.npy,Crying_and_sobbing,train
580,5808835.npy,Crying_and_sobbing,train
581,5819832.npy,Crying_and_sobbing,train
582,5822377.npy,Crying_and_sobbing,train
583,5836426.npy,Crying_and_sobbing,train
584,58419920.npy,Crying_and_sobbing,train
585,58510304.npy,Crying_and_sobbing,train
586,58611531.npy,Crying_and_sobbing,train
587,58715342.npy,Crying_and_sobbing,train
588,5886394.npy,Crying_and_sobbing,train
589,58913016.npy,Crying_and_sobbing,train
590,59018498.npy,Crying_and_sobbing,train
591,59112465.npy,Crying_and_sobbing,train
592,59210720.npy,Crying_and_sobbing,train
593,5936301.npy,Crying_and_sobbing,train
594,5948311.npy,Crying_and_sobbing,train
595,59515045.npy,Crying_and_sobbing,train
596,59617219.npy,Crying_and_sobbing,train
597,5976136.npy,Crying_and_sobbing,train
598,5988433.npy,Crying_and_sobbing,train
599,5994931.npy,Crying_and_sobbing,train
600,60019576.npy,Microwave_oven,train
601,60116894.npy,Microwave_oven,train
602,60217422.npy,Microwave_oven,train
603,603322.npy,Microwave_oven,train
604,6049086.npy,Microwave_oven,train
605,6059126.npy,Microwave_oven,train
606,60610342.npy,Microwave_oven,train
607,60713427.npy,Microwave_oven,train
608,60815638.npy,Microwave_oven,train
609,6097541.npy,Microwave_oven,train
610,6106399.npy,Microwave_oven,train
611,61118168.npy,Microwave_oven,train
612,61210995.npy,Microwave_oven,train
613,61316061.npy,Microwave_oven,train
614,6145233.npy,Microwave_oven,train
615,6152817.npy,Microwave_oven,train
616,61615109.npy,Microwave_oven,train
617,61712205.npy,Microwave_oven,train
618,61812901.npy,Microwave_oven,train
619,61914340.npy,Microwave_oven,train
620,6207344.npy,Microwave_oven,train
621,6212049.npy,Microwave_oven,train
622,62214806.npy,Microwave_oven,train
623,6237097.npy,Microwave_oven,train
624,6248744.npy,Microwave_oven,train
625,6252923.npy,Microwave_oven,train
626,62612659.npy,Microwave_oven,train
627,62716669.npy,Microwave_oven,train
628,6289878.npy,Microwave_oven,train
629,62917010.npy,Microwave_oven,train
630,63018129.npy,Microwave_oven,train
631,6311810.npy,Microwave_oven,train
632,63213880.npy,Microwave_oven,train
633,63312804.npy,Microwave_oven,train
634,6346591.npy,Microwave_oven,train
635,6353064.npy,Microwave_oven,train
636,63619456.npy,Microwave_oven,train
637,63716613.npy,Microwave_oven,train
638,63814576.npy,Microwave_oven,train
639,63911322.npy,Microwave_oven,train
640,64014697.npy,Microwave_oven,train
641,6413469.npy,Microwave_oven,train
642,6425543.npy,Microwave_oven,train
643,64319825.npy,Microwave_oven,train
644,644804.npy,Microwave_oven,train
645,64516203.npy,Microwave_oven,train
646,6466702.npy,Microwave_oven,train
647,64710497.npy,Microwave_oven,train
648,6481715.npy,Microwave_oven,train
649,64913717.npy,Microwave_oven,train
650,6501672.npy,Microwave_oven,train
651,6514833.npy,Microwave_oven,train
652,65217485.npy,Microwave_oven,train
653,65313716.npy,Microwave_oven,train
654,6542691.npy,Microwave_oven,train
655,6556844.npy,Microwave_oven,train
656,6567397.npy,Microwave_oven,train
657,6579177.npy,Microwave_oven,train
658,6586944.npy,Microwave_oven,train
659,6594499.npy,Microwave_oven,train
660,66011773.npy,Microwave_oven,train
661,6615837.npy,Microwave_oven,train
662,6627096.npy,Microwave_oven,train
663,6633480.npy,Microwave_oven,train
664,6649177.npy,Microwave_oven,train
665,6651596.npy,Microwave_oven,train
666,66613174.npy,Microwave_oven,train
667,6677843.npy,Microwave_oven,train
668,66818874.npy,Microwave_oven,train
669,6697239.npy,Microwave_oven,train
670,6703970.npy,Microwave_oven,train
671,6712839.npy,Microwave_oven,train
672,6729814.npy,Microwave_oven,train
673,67311984.npy,Microwave_oven,train
674,6741114.npy,Microwave_oven,train
675,6759134.npy,Microwave_oven,train
676,6769016.npy,Microwave_oven,train
677,6772608.npy,Microwave_oven,train
678,6783263.npy,Microwave_oven,train
679,67913880.npy,Microwave_oven,train
680,68017626.npy,Microwave_oven,train
681,68111983.npy,Microwave_oven,train
682,68212413.npy,Microwave_oven,train
683,6831639.npy,Microwave_oven,train
684,68412285.npy,Microwave_oven,train
685,68514130.npy,Microwave_oven,train
686,68616367.npy,Microwave_oven,train
687,6872039.npy,Microwave_oven,train
688,6883056.npy,Microwave_oven,train
689,68915443.npy,Microwave_oven,train
690,69015465.npy,Microwave_oven,train
691,6913457.npy,Microwave_oven,train
692,69212545.npy,Microwave_oven,train
693,6934505.npy,Microwave_oven,train
694,6948554.npy,Microwave_oven,train
695,6952945.npy,Microwave_oven,train
696,6965446.npy,Microwave_oven,train
697,6976779.npy,Microwave_oven,train
698,69849.npy,Microwave_oven,train
699,6999112.npy,Microwave_oven,train
700,7009353.npy,Vehicle_horn_and_car_horn_and_honking,train
701,7011547.npy,Vehicle_horn_and_car_horn_and_honking,train
702,7025850.npy,Vehicle_horn_and_car_horn_and_honking,train
703,70314779.npy,Vehicle_horn_and_car_horn_and_honking,train
704,7047011.npy,Vehicle_horn_and_car_horn_and_honking,train
705,70510628.npy,Vehicle_horn_and_car_horn_and_honking,train
706,7067680.npy,Vehicle_horn_and_car_horn_and_honking,train
707,7077126.npy,Vehicle_horn_and_car_horn_and_honking,train
708,70814357.npy,Vehicle_horn_and_car_horn_and_honking,train
709,7098968.npy,Vehicle_horn_and_car_horn_and_honking,train
710,71015756.npy,Vehicle_horn_and_car_horn_and_honking,train
711,71117379.npy,Vehicle_horn_and_car_horn_and_honking,train
712,7121757.npy,Vehicle_horn_and_car_horn_and_honking,train
713,7131445.npy,Vehicle_horn_and_car_horn_and_honking,train
714,7148029.npy,Vehicle_horn_and_car_horn_and_honking,train
715,7157799.npy,Vehicle_horn_and_car_horn_and_honking,train
716,7162657.npy,Vehicle_horn_and_car_horn_and_honking,train
717,7177010.npy,Vehicle_horn_and_car_horn_and_honking,train
718,7184068.npy,Vehicle_horn_and_car_horn_and_honking,train
719,7195279.npy,Vehicle_horn_and_car_horn_and_honking,train
720,72015853.npy,Vehicle_horn_and_car_horn_and_honking,train
721,72112758.npy,Vehicle_horn_and_car_horn_and_honking,train
722,7228201.npy,Vehicle_horn_and_car_horn_and_honking,train
723,7238408.npy,Vehicle_horn_and_car_horn_and_honking,train
724,72410234.npy,Vehicle_horn_and_car_horn_and_honking,train
725,72517655.npy,Vehicle_horn_and_car_horn_and_honking,train
726,7265440.npy,Vehicle_horn_and_car_horn_and_honking,train
727,72710928.npy,Vehicle_horn_and_car_horn_and_honking,train
728,7282782.npy,Vehicle_horn_and_car_horn_and_honking,train
729,72915113.npy,Vehicle_horn_and_car_horn_and_honking,train
730,73011380.npy,Vehicle_horn_and_car_horn_and_honking,train
731,73115947.npy,Vehicle_horn_and_car_horn_and_honking,train
732,7321115.npy,Vehicle_horn_and_car_horn_and_honking,train
733,733143.npy,Vehicle_horn_and_car_horn_and_honking,train
734,73411115.npy,Vehicle_horn_and_car_horn_and_honking,train
735,7351840.npy,Vehicle_horn_and_car_horn_and_honking,train
736,73611874.npy,Vehicle_horn_and_car_horn_and_honking,train
737,7377493.npy,Vehicle_horn_and_car_horn_and_honking,train
738,7384433.npy,Vehicle_horn_and_car_horn_and_honking,train
739,73911533.npy,Vehicle_horn_and_car_horn_and_honking,train
740,74013542.npy,Vehicle_horn_and_car_horn_and_honking,train
741,74114291.npy,Vehicle_horn_and_car_horn_and_honking,train
742,7426682.npy,Vehicle_horn_and_car_horn_and_honking,train
743,7432898.npy,Vehicle_horn_and_car_horn_and_honking,train
744,74418918.npy,Vehicle_horn_and_car_horn_and_honking,train
745,74516407.npy,Vehicle_horn_and_car_horn_and_honking,train
746,74612288.npy,Vehicle_horn_and_car_horn_and_honking,train
747,74717221.npy,Vehicle_horn_and_car_horn_and_honking,train
748,74810927.npy,Vehicle_horn_and_car_horn_and_honking,train
749,74919592.npy,Vehicle_horn_and_car_horn_and_honking,train
750,75011591.npy,Vehicle_horn_and_car_horn_and_honking,train
751,75117056.npy,Vehicle_horn_and_car_horn_and_honking,train
752,75214030.npy,Vehicle_horn_and_car_horn_and_honking,train
753,7533351.npy,Vehicle_horn_and_car_horn_and_honking,train
754,7542350.npy,Vehicle_horn_and_car_horn_and_honking,train
755,7558179.npy,Vehicle_horn_and_car_horn_and_honking,train
756,75618445.npy,Vehicle_horn_and_car_horn_and_honking,train
757,75712945.npy,Vehicle_horn_and_car_horn_and_honking,train
758,7584451.npy,Vehicle_horn_and_car_horn_and_honking,train
759,75917666.npy,Vehicle_horn_and_car_horn_and_honking,train
760,76014299.npy,Vehicle_horn_and_car_horn_and_honking,train
761,7615020.npy,Vehicle_horn_and_car_horn_and_honking,train
762,76215648.npy,Vehicle_horn_and_car_horn_and_honking,train
763,7631071.npy,Vehicle_horn_and_car_horn_and_honking,train
764,7642688.npy,Vehicle_horn_and_car_horn_and_honking,train
765,76511707.npy,Vehicle_horn_and_car_horn_and_honking,train
766,7666000.npy,Vehicle_horn_and_car_horn_and_honking,train
767,7676474.npy,Vehicle_horn_and_car_horn_and_honking,train
768,76813538.npy,Vehicle_horn_and_car_horn_and_honking,train
769,7694580.npy,Vehicle_horn_and_car_horn_and_honking,train
770,77012320.npy,Vehicle_horn_and_car_horn_and_honking,train
771,77110378.npy,Vehicle_horn_and_car_horn_and_honking,train
772,77217643.npy,Vehicle_horn_and_car_horn_and_honking,train
773,7736053.npy,Vehicle_horn_and_car_horn_and_honking,train
774,7748301.npy,Vehicle_horn_and_car_horn_and_honking,train
775,77516921.npy,Vehicle_horn_and_car_horn_and_honking,train
776,77618185.npy,Vehicle_horn_and_car_horn_and_honking,train
777,77716525.npy,Vehicle_horn_and_car_horn_and_honking,train
778,77812771.npy,Vehicle_horn_and_car_horn_and_honking,train
779,7796206.npy,Vehicle_horn_and_car_horn_and_honking,train
780,78010753.npy,Vehicle_horn_and_car_horn_and_honking,train
781,781996.npy,Vehicle_horn_and_car_horn_and_honking,train
782,78214575.npy,Vehicle_horn_and_car_horn_and_honking,train
783,7838338.npy,Vehicle_horn_and_car_horn_and_honking,train
784,7847521.npy,Vehicle_horn_and_car_horn_and_honking,train
785,78510842.npy,Vehicle_horn_and_car_horn_and_honking,train
786,78618963.npy,Vehicle_horn_and_car_horn_and_honking,train
787,7874334.npy,Vehicle_horn_and_car_horn_and_honking,train
788,78815981.npy,Vehicle_horn_and_car_horn_and_honking,train
789,7892333.npy,Vehicle_horn_and_car_horn_and_honking,train
790,7904977.npy,Vehicle_horn_and_car_horn_and_honking,train
791,7916174.npy,Vehicle_horn_and_car_horn_and_honking,train
792,7925023.npy,Vehicle_horn_and_car_horn_and_honking,train
793,7933850.npy,Vehicle_horn_and_car_horn_and_honking,train
794,7949980.npy,Vehicle_horn_and_car_horn_and_honking,train
795,79513189.npy,Vehicle_horn_and_car_horn_and_honking,train
796,7963822.npy,Vehicle_horn_and_car_horn_and_honking,train
797,79711785.npy,Vehicle_horn_and_car_horn_and_honking,train
798,7985237.npy,Vehicle_horn_and_car_horn_and_honking,train
799,7995548.npy,Vehicle_horn_and_car_horn_and_honking,train
800,8006893.npy,Doorbell,train
801,8018347.npy,Doorbell,train
802,8026798.npy,Doorbell,train
803,80314412.npy,Doorbell,train
804,804460.npy,Doorbell,train
805,80512884.npy,Doorbell,train
806,80619926.npy,Doorbell,train
807,80715674.npy,Doorbell,train
808,80811790.npy,Doorbell,train
809,8096487.npy,Doorbell,train
810,81019898.npy,Doorbell,train
811,81112838.npy,Doorbell,train
812,8129722.npy,Doorbell,train
813,81316511.npy,Doorbell,train
814,81419734.npy,Doorbell,train
815,8158845.npy,Doorbell,train
816,81615186.npy,Doorbell,train
817,8176057.npy,Doorbell,train
818,8188013.npy,Doorbell,train
819,81916139.npy,Doorbell,train
820,82019778.npy,Doorbell,train
821,8218145.npy,Doorbell,train
822,82215047.npy,Doorbell,train
823,8235659.npy,Doorbell,train
824,82410369.npy,Doorbell,train
825,8256668.npy,Doorbell,train
826,82616800.npy,Doorbell,train
827,82718870.npy,Doorbell,train
828,82818993.npy,Doorbell,train
829,82918023.npy,Doorbell,train
830,8305274.npy,Doorbell,train
831,831438.npy,Doorbell,train
832,83210864.npy,Doorbell,train
833,83316322.npy,Doorbell,train
834,83413121.npy,Doorbell,train
835,8357306.npy,Doorbell,train
836,83619258.npy,Doorbell,train
837,8372596.npy,Doorbell,train
838,83818582.npy,Doorbell,train
839,83911283.npy,Doorbell,train
840,8404666.npy,Doorbell,train
841,84113911.npy,Doorbell,train
842,84210153.npy,Doorbell,train
843,8436724.npy,Doorbell,train
844,84411151.npy,Doorbell,train
845,845149.npy,Doorbell,train
846,8469921.npy,Doorbell,train
847,8476732.npy,Doorbell,train
848,84818449.npy,Doorbell,train
849,8498471.npy,Doorbell,train
850,8501484.npy,Doorbell,train
851,85118287.npy,Doorbell,train
852,8526311.npy,Doorbell,train
853,853882.npy,Doorbell,train
854,8549376.npy,Doorbell,train
855,8558324.npy,Doorbell,train
856,8566861.npy,Doorbell,train
857,857443.npy,Doorbell,train
858,8586920.npy,Doorbell,train
859,8596795.npy,Doorbell,train
860,86062.npy,Doorbell,train
861,8616931.npy,Doorbell,train
862,8627570.npy,Doorbell,train
863,8638431.npy,Doorbell,train
864,86417139.npy,Doorbell,train
865,8658947.npy,Doorbell,train
866,8669255.npy,Doorbell,train
867,8675947.npy,Doorbell,train
868,8686198.npy,Doorbell,train
869,8698915.npy,Doorbell,train
870,870298.npy,Doorbell,train
871,87115554.npy,Doorbell,train
872,8721803.npy,Doorbell,train
873,873255.npy,Doorbell,train
874,8745286.npy,Doorbell,train
875,87514821.npy,Doorbell,train
876,87615075.npy,Doorbell,train
877,8771007.npy,Doorbell,train
878,87815246.npy,Doorbell,train
879,8799400.npy,Doorbell,train
880,88019193.npy,Doorbell,train
881,88115119.npy,Doorbell,train
882,8823202.npy,Doorbell,train
883,88316700.npy,Doorbell,train
884,8848853.npy,Doorbell,train
885,885915.npy,Doorbell,train
886,8864905.npy,Doorbell,train
887,8873256.npy,Doorbell,train
888,88812963.npy,Doorbell,train
889,8893546.npy,Doorbell,train
890,89012608.npy,Doorbell,train
891,89115869.npy,Doorbell,train
892,89216979.npy,Doorbell,train
893,89313187.npy,Doorbell,train
894,8941869.npy,Doorbell,train
895,8957099.npy,Doorbell,train
896,89619726.npy,Doorbell,train
897,8972526.npy,Doorbell,train
898,8986458.npy,Doorbell,train
899,89917182.npy,Doorbell,train
900,9007267.npy,Walk_and_footsteps,train
901,90117295.npy,Walk_and_footsteps,train
902,9022208.npy,Walk_and_footsteps,train
903,9033643.npy,Walk_and_footsteps,train
904,9049765.npy,Walk_and_footsteps,train
905,90514069.npy,Walk_and_footsteps,train
906,90612877.npy,Walk_and_footsteps,train
907,907711.npy,Walk_and_footsteps,train
908,908630.npy,Walk_and_footsteps,train
909,90910945.npy,Walk_and_footsteps,train
910,91016336.npy,Walk_and_footsteps,train
911,9111878.npy,Walk_and_footsteps,train
912,91212145.npy,Walk_and_footsteps,train
913,91310314.npy,Walk_and_footsteps,train
914,91412886.npy,Walk_and_footsteps,train
915,9157961.npy,Walk_and_footsteps,train
916,91610273.npy,Walk_and_footsteps,train
917,9176894.npy,Walk_and_footsteps,train
918,91819709.npy,Walk_and_footsteps,train
919,9194052.npy,Walk_and_footsteps,train
920,9204601.npy,Walk_and_footsteps,train
921,9214954.npy,Walk_and_footsteps,train
922,9228051.npy,Walk_and_footsteps,train
923,9232744.npy,Walk_and_footsteps,train
924,92417926.npy,Walk_and_footsteps,train
925,9256941.npy,Walk_and_footsteps,train
926,926309.npy,Walk_and_footsteps,train
927,92715299.npy,Walk_and_footsteps,train
928,92817955.npy,Walk_and_footsteps,train
929,92912711.npy,Walk_and_footsteps,train
930,9308432.npy,Walk_and_footsteps,train
931,93112174.npy,Walk_and_footsteps,train
932,9328565.npy,Walk_and_footsteps,train
933,9333409.npy,Walk_and_footsteps,train
934,934948.npy,Walk_and_footsteps,train
935,935977.npy,Walk_and_footsteps,train
936,93619390.npy,Walk_and_footsteps,train
937,93711709.npy,Walk_and_footsteps,train
938,938412.npy,Walk_and_footsteps,train
939,9397139.npy,Walk_and_footsteps,train
940,9403437.npy,Walk_and_footsteps,train
941,9419713.npy,Walk_and_footsteps,train
942,9424193.npy,Walk_and_footsteps,train
943,94317385.npy,Walk_and_footsteps,train
944,94414791.npy,Walk_and_footsteps,train
945,9459128.npy,Walk_and_footsteps,train
946,9464261.npy,Walk_and_footsteps,train
947,94715741.npy,Walk_and_footsteps,train
948,94810426.npy,Walk_and_footsteps,train
949,94911449.npy,Walk_and_footsteps,train
950,95016640.npy,Walk_and_footsteps,train
951,95113200.npy,Walk_and_footsteps,train
952,9522080.npy,Walk_and_footsteps,train
953,9535253.npy,Walk_and_footsteps,train
954,95416753.npy,Walk_and_footsteps,train
955,9552984.npy,Walk_and_footsteps,train
956,95614344.npy,Walk_and_footsteps,train
957,95713713.npy,Walk_and_footsteps,train
958,9581387.npy,Walk_and_footsteps,train
959,9596149.npy,Walk_and_footsteps,train
960,9604082.npy,Walk_and_footsteps,train
961,96119427.npy,Walk_and_footsteps,train
962,9623783.npy,Walk_and_footsteps,train
963,9638681.npy,Walk_and_footsteps,train
964,96417359.npy,Walk_and_footsteps,train
965,96515583.npy,Walk_and_footsteps,train
966,96613597.npy,Walk_and_footsteps,train
967,96715159.npy,Walk_and_footsteps,train
968,96816764.npy,Walk_and_footsteps,train
969,9694404.npy,Walk_and_footsteps,train
970,97012483.npy,Walk_and_footsteps,train
971,971377.npy,Walk_and_footsteps,train
972,9729861.npy,Walk_and_footsteps,train
973,973525.npy,Walk_and_footsteps,train
974,97415831.npy,Walk_and_footsteps,train
975,97511368.npy,Walk_and_footsteps,train
976,9762152.npy,Walk_and_footsteps,train
977,97716588.npy,Walk_and_footsteps,train
978,9788951.npy,Walk_and_footsteps,train
979,9799182.npy,Walk_and_footsteps,train
980,98019513.npy,Walk_and_footsteps,train
981,98113697.npy,Walk_and_footsteps,train
982,98219589.npy,Walk_and_footsteps,train
983,9832943.npy,Walk_and_footsteps,train
984,98417028.npy,Walk_and_footsteps,train
985,98511782.npy,Walk_and_footsteps,train
986,9867892.npy,Walk_and_footsteps,train
987,98713544.npy,Walk_and_footsteps,train
988,9888871.npy,Walk_and_footsteps,train
989,98911759.npy,Walk_and_footsteps,train
990,99012987.npy,Walk_and_footsteps,train
991,99119881.npy,Walk_and_footsteps,train
992,99216459.npy,Walk_and_footsteps,train
993,99315365.npy,Walk_and_footsteps,train
994,99416070.npy,Walk_and_footsteps,train
995,9956925.npy,Walk_and_footsteps,train
996,99611454.npy,Walk_and_footsteps,train
997,9979729.npy,Walk_and_footsteps,train
998,99818869.npy,Walk_and_footsteps,train
999,999433.npy,Walk_and_footsteps,train
